Year,Northwind,Contoso,Fabrikam,Tailspin,Litware,Adventure Works,Wingtip,Proseware,Woodgrove,Alpine
2001,8,60,45,30,38,22,15,50,26,12
2002,9.1,59.1,48,32.8,38,23.6,16.5,48.8,26.5,13
2003,10.3,58.1,48.8,37.2,40.2,25.3,18.2,47.1,27.1,14
2004,12.2,58.3,53.4,41.4,42.8,26.3,19.2,48.5,29,16.5
2005,13.5,61.8,53.2,43.4,41.8,29,20.3,50.8,31.9,19.2
2006,15.8,61.1,54.8,46.1,40.9,29.9,22.1,52.5,34.9,20.8
2007,18.2,63.2,58.7,50.5,40.3,31,23.8,54,36.8,24.2
2008,20.1,65.8,58.7,51.5,39.7,32.5,27.3,55.6,39.5,28.7
2009,23.5,66.5,61,55.1,40.3,34,29,56.7,43,32.8
2010,26,68.5,60.2,57.1,41.3,36.3,30.4,54.7,43.3,36.3
2011,30.1,66.9,63.8,58.8,40.8,37.4,35.3,54.6,46.5,41.1
2012,33.4,65.3,68.3,60.2,39.2,38.4,39.1,53.4,51.3,44.4
2013,37.2,64.8,71.6,66.7,39.4,40.1,41.6,50.4,55.8,47.3
2014,43.1,67.7,77.5,68.8,39.4,41.6,46.2,47.6,60.5,56
2015,52,68.8,79,71.9,40.3,44.5,48.4,46.2,63.7,64.1
2016,58.1,69.1,83.9,76.4,42.9,45.8,53.7,44.8,64.8,72.4
2017,65.7,71.5,88.2,85.5,44.5,51.7,62.5,45.5,70.6,85.3
2018,77.7,73,92.5,87.7,45.2,56.8,71.8,47.5,73.1,95.3
2019,95,73.1,95.8,93.8,46.5,59.3,81.1,47,79.7,111.7
2020,111.7,77.4,103.4,101.4,48.1,62.6,87.3,49,88.4,130.2
2021,128.7,81.1,112.7,113.7,46.5,66.9,95.1,51.3,92.2,141.9
2022,157.8,80.8,116.9,126.5,49.2,71.5,101.3,53.6,96.3,155.4
2023,174.9,83.5,123.8,141.5,51.5,74.4,115.3,52.6,106.6,170.9
2024,211.9,85.8,122.6,148.4,54.4,83.8,127.9,50.7,115.2,187
