Year,Company,Revenue,Employees,Customers
2001,Northwind,8,30,369
2001,Contoso,60,209,3372
2001,Fabrikam,45,136,1838
2001,Tailspin,30,121,1779
2001,Litware,38,145,1988
2001,Adventure Works,22,76,887
2001,Wingtip,15,71,618
2001,Proseware,50,181,2242
2001,Woodgrove,26,86,1281
2001,Alpine,12,38,682
2002,Northwind,9.1,35,481
2002,Contoso,59.1,215,3147
2002,Fabrikam,48,142,2187
2002,Tailspin,32.8,133,1965
2002,Litware,38,148,2058
2002,Adventure Works,23.6,83,1052
2002,Wingtip,16.5,76,683
2002,Proseware,48.8,188,2343
2002,Woodgrove,26.5,96,1265
2002,Alpine,13,43,740
2003,Northwind,10.3,38,455
2003,Contoso,58.1,220,2870
2003,Fabrikam,48.8,152,2340
2003,Tailspin,37.2,137,1956
2003,Litware,40.2,155,1825
2003,Adventure Works,25.3,87,1180
2003,Wingtip,18.2,90,1004
2003,Proseware,47.1,170,2116
2003,Woodgrove,27.1,91,1116
2003,Alpine,14,46,610
2004,Northwind,12.2,48,597
2004,Contoso,58.3,205,3185
2004,Fabrikam,53.4,153,2823
2004,Tailspin,41.4,154,2004
2004,Litware,42.8,156,1943
2004,Adventure Works,26.3,98,1475
2004,Wingtip,19.2,89,1108
2004,Proseware,48.5,176,2322
2004,Woodgrove,29,105,1532
2004,Alpine,16.5,50,986
2005,Northwind,13.5,51,610
2005,Contoso,61.8,231,2879
2005,Fabrikam,53.2,155,2206
2005,Tailspin,43.4,161,2242
2005,Litware,41.8,153,2175
2005,Adventure Works,29,102,1423
2005,Wingtip,20.3,100,1008
2005,Proseware,50.8,192,2912
2005,Woodgrove,31.9,108,1374
2005,Alpine,19.2,63,1082
2006,Northwind,15.8,60,692
2006,Contoso,61.1,227,3593
2006,Fabrikam,54.8,158,3233
2006,Tailspin,46.1,185,2400
2006,Litware,40.9,152,1721
2006,Adventure Works,29.9,102,1772
2006,Wingtip,22.1,102,1195
2006,Proseware,52.5,192,2965
2006,Woodgrove,34.9,123,1601
2006,Alpine,20.8,64,1132
2007,Northwind,18.2,68,811
2007,Contoso,63.2,231,3605
2007,Fabrikam,58.7,176,2677
2007,Tailspin,50.5,203,2226
2007,Litware,40.3,144,1829
2007,Adventure Works,31,110,1277
2007,Wingtip,23.8,109,1128
2007,Proseware,54,204,2302
2007,Woodgrove,36.8,126,2128
2007,Alpine,24.2,81,1286
2008,Northwind,20.1,80,1039
2008,Contoso,65.8,231,2678
2008,Fabrikam,58.7,166,3417
2008,Tailspin,51.5,203,3052
2008,Litware,39.7,142,2093
2008,Adventure Works,32.5,116,1775
2008,Wingtip,27.3,127,1638
2008,Proseware,55.6,199,2831
2008,Woodgrove,39.5,141,2291
2008,Alpine,28.7,93,1552
2009,Northwind,23.5,94,1370
2009,Contoso,66.5,238,3571
2009,Fabrikam,61,188,3503
2009,Tailspin,55.1,211,3075
2009,Litware,40.3,157,2074
2009,Adventure Works,34,123,1620
2009,Wingtip,29,138,1513
2009,Proseware,56.7,203,2993
2009,Woodgrove,43,157,2477
2009,Alpine,32.8,107,1567
2010,Northwind,26,104,1342
2010,Contoso,68.5,247,3889
2010,Fabrikam,60.2,171,3311
2010,Tailspin,57.1,210,2971
2010,Litware,41.3,155,1842
2010,Adventure Works,36.3,132,1813
2010,Wingtip,30.4,145,1776
2010,Proseware,54.7,200,2200
2010,Woodgrove,43.3,148,2319
2010,Alpine,36.3,112,1575
2011,Northwind,30.1,122,1601
2011,Contoso,66.9,242,3869
2011,Fabrikam,63.8,186,3402
2011,Tailspin,58.8,220,2859
2011,Litware,40.8,158,2378
2011,Adventure Works,37.4,139,1784
2011,Wingtip,35.3,168,1635
2011,Proseware,54.6,197,2726
2011,Woodgrove,46.5,167,2649
2011,Alpine,41.1,133,2425
2012,Northwind,33.4,127,1449
2012,Contoso,65.3,236,2971
2012,Fabrikam,68.3,197,3298
2012,Tailspin,60.2,235,3003
2012,Litware,39.2,144,2226
2012,Adventure Works,38.4,144,1884
2012,Wingtip,39.1,177,1589
2012,Proseware,53.4,207,2180
2012,Woodgrove,51.3,182,2637
2012,Alpine,44.4,138,2479
2013,Northwind,37.2,138,1589
2013,Contoso,64.8,234,2624
2013,Fabrikam,71.6,219,3204
2013,Tailspin,66.7,248,2731
2013,Litware,39.4,150,1928
2013,Adventure Works,40.1,145,2129
2013,Wingtip,41.6,203,2461
2013,Proseware,50.4,192,2217
2013,Woodgrove,55.8,194,2431
2013,Alpine,47.3,143,2339
2014,Northwind,43.1,171,1878
2014,Contoso,67.7,240,3176
2014,Fabrikam,77.5,234,3907
2014,Tailspin,68.8,269,3793
2014,Litware,39.4,146,2200
2014,Adventure Works,41.6,155,1737
2014,Wingtip,46.2,228,2515
2014,Proseware,47.6,172,2336
2014,Woodgrove,60.5,213,3521
2014,Alpine,56,176,2877
2015,Northwind,52,210,2909
2015,Contoso,68.8,261,3390
2015,Fabrikam,79,238,3484
2015,Tailspin,71.9,284,4053
2015,Litware,40.3,153,2190
2015,Adventure Works,44.5,154,2581
2015,Wingtip,48.4,240,2882
2015,Proseware,46.2,174,2579
2015,Woodgrove,63.7,218,3707
2015,Alpine,64.1,211,3011
2016,Northwind,58.1,217,2836
2016,Contoso,69.1,252,3826
2016,Fabrikam,83.9,249,3404
2016,Tailspin,76.4,304,3154
2016,Litware,42.9,166,1864
2016,Adventure Works,45.8,161,2554
2016,Wingtip,53.7,245,2308
2016,Proseware,44.8,168,2440
2016,Woodgrove,64.8,233,3485
2016,Alpine,72.4,240,3609
2017,Northwind,65.7,267,2741
2017,Contoso,71.5,253,3613
2017,Fabrikam,88.2,256,4814
2017,Tailspin,85.5,334,4314
2017,Litware,44.5,173,2278
2017,Adventure Works,51.7,181,2462
2017,Wingtip,62.5,306,3626
2017,Proseware,45.5,165,2594
2017,Woodgrove,70.6,257,3564
2017,Alpine,85.3,273,3755
2018,Northwind,77.7,304,3890
2018,Contoso,73,268,2961
2018,Fabrikam,92.5,287,4655
2018,Tailspin,87.7,335,4913
2018,Litware,45.2,171,2252
2018,Adventure Works,56.8,207,2347
2018,Wingtip,71.8,341,3466
2018,Proseware,47.5,186,2777
2018,Woodgrove,73.1,249,3616
2018,Alpine,95.3,291,4639
2019,Northwind,95,381,5511
2019,Contoso,73.1,265,3388
2019,Fabrikam,95.8,275,5016
2019,Tailspin,93.8,377,3995
2019,Litware,46.5,179,1881
2019,Adventure Works,59.3,205,2642
2019,Wingtip,81.1,391,3766
2019,Proseware,47,173,2463
2019,Woodgrove,79.7,267,4353
2019,Alpine,111.7,341,5608
2020,Northwind,111.7,424,4910
2020,Contoso,77.4,282,3772
2020,Fabrikam,103.4,303,4991
2020,Tailspin,101.4,392,4380
2020,Litware,48.1,175,2531
2020,Adventure Works,62.6,227,3167
2020,Wingtip,87.3,427,4560
2020,Proseware,49,190,2188
2020,Woodgrove,88.4,315,4969
2020,Alpine,130.2,430,6031
2021,Northwind,128.7,492,7523
2021,Contoso,81.1,286,4863
2021,Fabrikam,112.7,347,4810
2021,Tailspin,113.7,427,6200
2021,Litware,46.5,170,1950
2021,Adventure Works,66.9,247,3240
2021,Wingtip,95.1,463,4044
2021,Proseware,51.3,190,2755
2021,Woodgrove,92.2,306,4059
2021,Alpine,141.9,459,8262
2022,Northwind,157.8,643,6676
2022,Contoso,80.8,294,4457
2022,Fabrikam,116.9,347,6279
2022,Tailspin,126.5,473,5238
2022,Litware,49.2,177,2005
2022,Adventure Works,71.5,257,3596
2022,Wingtip,101.3,482,4349
2022,Proseware,53.6,194,2363
2022,Woodgrove,96.3,347,5759
2022,Alpine,155.4,515,6512
2023,Northwind,174.9,651,10324
2023,Contoso,83.5,302,4617
2023,Fabrikam,123.8,361,6108
2023,Tailspin,141.5,547,6877
2023,Litware,51.5,195,2074
2023,Adventure Works,74.4,271,4232
2023,Wingtip,115.3,528,5659
2023,Proseware,52.6,202,2530
2023,Woodgrove,106.6,360,4616
2023,Alpine,170.9,544,6889
2024,Northwind,211.9,857,11874
2024,Contoso,85.8,318,4909
2024,Fabrikam,122.6,368,5896
2024,Tailspin,148.4,578,7433
2024,Litware,54.4,214,3052
2024,Adventure Works,83.8,292,4879
2024,Wingtip,127.9,620,7106
2024,Proseware,50.7,196,2439
2024,Woodgrove,115.2,417,6635
2024,Alpine,187,606,10350
